"marker","pos_peak_threshold"
"CD45RA",1354.29111422995
"ICOS",1800
"CD25",1249.64898205626
"TIM3",1800
"CD27",1695.68821314179
"CD57",1540.03313185636
"CXCR5",1800
"CCR4",1435.67893161533
"CCR7",1477.43456895604
"HLADR",1800
"CD28",1631.76814608446
"PD1",1800
"LAG3",1800
"CD127",1416.52635449695
"CD38",1242.0808430433
"TIGIT",1434.30781932112
"EOMES",1408.75580514264
"CTLA4",1800
"FOXP3",1800
"GITR",1800
"TBET",1301.88434777414
"KI67",1800
"GZM_B",1307.17248763911
